{"cameraMode":{"drawMode":0,"name":"Shaded","section":"Shading Mode"},"sceneLighting":true,"audioPlay":false,"sceneViewState":{"showFog":true,"showMaterialUpdate":false,"showSkybox":true,"showFlares":true,"showImageEffects":true,"showParticleSystems":true},"in2DMode":false,"pivot":{"x":188.38076782226563,"y":457.6076354980469,"z":-9.171585083007813},"rotation":{"x":0.12713094055652619,"y":-0.019341079518198968,"z":0.0024784202687442304,"w":0.9916972517967224},"size":217.8419189453125,"orthographic":false}